,id,name,id_opp,name_opp,event_id,event_name,elo,elo_opp,height_diff,reach_diff,ss_min_diff,str_acc_diff,str_a_min_diff,str_def_diff,td_avg_diff,td_acc_diff,td_def_diff,sub_avg_diff,wins_diff,losses_diff,momentum_diff,wl_diff_diff,outcome
0,787bb1f087ccff8a,Ciryl Gane,c62fbc117d57b943,Tai Tuivasa,00a905a4a4a2b071,UFC 278: Usman vs. Edwards,1193.9401313660796,1156.0160051423711,2,6.0,0.29000000000000004,6,-1.29,14,0.69,22,5,0.6,-1,-2,-6,1,W
1,e1147d3d2dabe1ce,Robert Whittaker,7acbb0972e75281a,Marvin Vettori,00a905a4a4a2b071,UFC 278: Usman vs. Edwards,1264.5555288628987,1185.8182301800841,0,-1.0,0.10000000000000053,-3,-0.16000000000000014,1,-1.23,-10,7,-0.6,6,1,-2,5,W
2,77d7295d1b22c694,Alessio Di Chirico,9d83f6da776ff7d6,Roman Kopylov,00a905a4a4a2b071,UFC 278: Usman vs. Edwards,958.9750412184637,945.7455491882567,0,-1.0,0.5799999999999996,-1,-0.69,7,1.1,12,0,0.0,4,4,1,0,W
3,c21a036b4e012f1c,John Makdessi,b7b84ccd221be298,Nasrat Haqparast,00a905a4a4a2b071,UFC 278: Usman vs. Edwards,1099.6950710775427,1024.3006307225805,-2,-4.0,0.40000000000000036,6,-0.6800000000000006,3,-0.13,-14,11,0.0,6,3,3,3,W
4,8b1ed83b02303075,Taylor Lapilus,b4537562f88ac582,Khalid Taha,00a905a4a4a2b071,UFC 278: Usman vs. Edwards,1054.4921920495794,975.5504583728067,1,4.0,1.08,12,-2.0199999999999996,16,0.58,40,20,0.3,2,-2,3,4,W
5,881bf86d4cba8578,Nassourdine Imavov,b9437600497350f3,Joaquin Buckley,00a905a4a4a2b071,UFC 278: Usman vs. Edwards,1065.3717180322362,1084.3345937562356,5,-1.0,0.5499999999999998,22,-1.19,1,-1.06,-15,8,2.5,-2,-1,-1,-1,W
6,1ae8f3c723aacff4,Ricardo Ramos,f7d73e452b064bf2,Danny Henry,00a905a4a4a2b071,UFC 278: Usman vs. Edwards,1084.5406503821919,998.9074914041693,-3,-1.0,-1.8800000000000003,-13,-0.3400000000000003,12,1.84,25,22,-1.6,5,1,3,4,W
7,f1d64ae34e088832,Charles Jourdain,329e403448756217,Nathaniel Wood,00a905a4a4a2b071,UFC 278: Usman vs. Edwards,1036.5114614388422,1077.1143130906573,3,0.0,-0.47000000000000064,2,0.11999999999999922,3,-1.24,-50,-25,-0.19999999999999996,-1,2,-2,-3,L
